"task_id","scenario_index","scenario","replication","seed","key","shard_file"
1,1,"homogeneous_rhob_0.0",1,730270832,"homogeneous_rhob_0.0::1","shard_0001.rds"
2,1,"homogeneous_rhob_0.0",2,730270833,"homogeneous_rhob_0.0::2","shard_0002.rds"
3,1,"homogeneous_rhob_0.0",3,730270834,"homogeneous_rhob_0.0::3","shard_0003.rds"
4,1,"homogeneous_rhob_0.0",4,730270835,"homogeneous_rhob_0.0::4","shard_0004.rds"
5,1,"homogeneous_rhob_0.0",5,730270836,"homogeneous_rhob_0.0::5","shard_0005.rds"
6,1,"homogeneous_rhob_0.0",6,730270837,"homogeneous_rhob_0.0::6","shard_0006.rds"
7,1,"homogeneous_rhob_0.0",7,730270838,"homogeneous_rhob_0.0::7","shard_0007.rds"
8,1,"homogeneous_rhob_0.0",8,730270839,"homogeneous_rhob_0.0::8","shard_0008.rds"
9,1,"homogeneous_rhob_0.0",9,730270840,"homogeneous_rhob_0.0::9","shard_0009.rds"
10,1,"homogeneous_rhob_0.0",10,730270841,"homogeneous_rhob_0.0::10","shard_0010.rds"
11,1,"homogeneous_rhob_0.0",11,730270842,"homogeneous_rhob_0.0::11","shard_0011.rds"
12,1,"homogeneous_rhob_0.0",12,730270843,"homogeneous_rhob_0.0::12","shard_0012.rds"
13,1,"homogeneous_rhob_0.0",13,730270844,"homogeneous_rhob_0.0::13","shard_0013.rds"
14,1,"homogeneous_rhob_0.0",14,730270845,"homogeneous_rhob_0.0::14","shard_0014.rds"
15,1,"homogeneous_rhob_0.0",15,730270846,"homogeneous_rhob_0.0::15","shard_0015.rds"
16,1,"homogeneous_rhob_0.0",16,730270847,"homogeneous_rhob_0.0::16","shard_0016.rds"
17,1,"homogeneous_rhob_0.0",17,730270848,"homogeneous_rhob_0.0::17","shard_0017.rds"
18,1,"homogeneous_rhob_0.0",18,730270849,"homogeneous_rhob_0.0::18","shard_0018.rds"
19,1,"homogeneous_rhob_0.0",19,730270850,"homogeneous_rhob_0.0::19","shard_0019.rds"
20,1,"homogeneous_rhob_0.0",20,730270851,"homogeneous_rhob_0.0::20","shard_0020.rds"
21,1,"homogeneous_rhob_0.0",21,730270852,"homogeneous_rhob_0.0::21","shard_0021.rds"
22,1,"homogeneous_rhob_0.0",22,730270853,"homogeneous_rhob_0.0::22","shard_0022.rds"
23,1,"homogeneous_rhob_0.0",23,730270854,"homogeneous_rhob_0.0::23","shard_0023.rds"
24,1,"homogeneous_rhob_0.0",24,730270855,"homogeneous_rhob_0.0::24","shard_0024.rds"
25,1,"homogeneous_rhob_0.0",25,730270856,"homogeneous_rhob_0.0::25","shard_0025.rds"
26,1,"homogeneous_rhob_0.0",26,730270857,"homogeneous_rhob_0.0::26","shard_0026.rds"
27,1,"homogeneous_rhob_0.0",27,730270858,"homogeneous_rhob_0.0::27","shard_0027.rds"
28,1,"homogeneous_rhob_0.0",28,730270859,"homogeneous_rhob_0.0::28","shard_0028.rds"
29,1,"homogeneous_rhob_0.0",29,730270860,"homogeneous_rhob_0.0::29","shard_0029.rds"
30,1,"homogeneous_rhob_0.0",30,730270861,"homogeneous_rhob_0.0::30","shard_0030.rds"
31,1,"homogeneous_rhob_0.0",31,730270862,"homogeneous_rhob_0.0::31","shard_0031.rds"
32,1,"homogeneous_rhob_0.0",32,730270863,"homogeneous_rhob_0.0::32","shard_0032.rds"
33,1,"homogeneous_rhob_0.0",33,730270864,"homogeneous_rhob_0.0::33","shard_0033.rds"
34,1,"homogeneous_rhob_0.0",34,730270865,"homogeneous_rhob_0.0::34","shard_0034.rds"
35,1,"homogeneous_rhob_0.0",35,730270866,"homogeneous_rhob_0.0::35","shard_0035.rds"
36,1,"homogeneous_rhob_0.0",36,730270867,"homogeneous_rhob_0.0::36","shard_0036.rds"
37,1,"homogeneous_rhob_0.0",37,730270868,"homogeneous_rhob_0.0::37","shard_0037.rds"
38,1,"homogeneous_rhob_0.0",38,730270869,"homogeneous_rhob_0.0::38","shard_0038.rds"
39,1,"homogeneous_rhob_0.0",39,730270870,"homogeneous_rhob_0.0::39","shard_0039.rds"
40,1,"homogeneous_rhob_0.0",40,730270871,"homogeneous_rhob_0.0::40","shard_0040.rds"
41,1,"homogeneous_rhob_0.0",41,730270872,"homogeneous_rhob_0.0::41","shard_0041.rds"
42,1,"homogeneous_rhob_0.0",42,730270873,"homogeneous_rhob_0.0::42","shard_0042.rds"
43,1,"homogeneous_rhob_0.0",43,730270874,"homogeneous_rhob_0.0::43","shard_0043.rds"
44,1,"homogeneous_rhob_0.0",44,730270875,"homogeneous_rhob_0.0::44","shard_0044.rds"
45,1,"homogeneous_rhob_0.0",45,730270876,"homogeneous_rhob_0.0::45","shard_0045.rds"
46,1,"homogeneous_rhob_0.0",46,730270877,"homogeneous_rhob_0.0::46","shard_0046.rds"
47,1,"homogeneous_rhob_0.0",47,730270878,"homogeneous_rhob_0.0::47","shard_0047.rds"
48,1,"homogeneous_rhob_0.0",48,730270879,"homogeneous_rhob_0.0::48","shard_0048.rds"
49,1,"homogeneous_rhob_0.0",49,730270880,"homogeneous_rhob_0.0::49","shard_0049.rds"
50,1,"homogeneous_rhob_0.0",50,730270881,"homogeneous_rhob_0.0::50","shard_0050.rds"
51,2,"homogeneous_rhob_0.3",1,730280832,"homogeneous_rhob_0.3::1","shard_0051.rds"
52,2,"homogeneous_rhob_0.3",2,730280833,"homogeneous_rhob_0.3::2","shard_0052.rds"
53,2,"homogeneous_rhob_0.3",3,730280834,"homogeneous_rhob_0.3::3","shard_0053.rds"
54,2,"homogeneous_rhob_0.3",4,730280835,"homogeneous_rhob_0.3::4","shard_0054.rds"
55,2,"homogeneous_rhob_0.3",5,730280836,"homogeneous_rhob_0.3::5","shard_0055.rds"
56,2,"homogeneous_rhob_0.3",6,730280837,"homogeneous_rhob_0.3::6","shard_0056.rds"
57,2,"homogeneous_rhob_0.3",7,730280838,"homogeneous_rhob_0.3::7","shard_0057.rds"
58,2,"homogeneous_rhob_0.3",8,730280839,"homogeneous_rhob_0.3::8","shard_0058.rds"
59,2,"homogeneous_rhob_0.3",9,730280840,"homogeneous_rhob_0.3::9","shard_0059.rds"
60,2,"homogeneous_rhob_0.3",10,730280841,"homogeneous_rhob_0.3::10","shard_0060.rds"
61,2,"homogeneous_rhob_0.3",11,730280842,"homogeneous_rhob_0.3::11","shard_0061.rds"
62,2,"homogeneous_rhob_0.3",12,730280843,"homogeneous_rhob_0.3::12","shard_0062.rds"
63,2,"homogeneous_rhob_0.3",13,730280844,"homogeneous_rhob_0.3::13","shard_0063.rds"
64,2,"homogeneous_rhob_0.3",14,730280845,"homogeneous_rhob_0.3::14","shard_0064.rds"
65,2,"homogeneous_rhob_0.3",15,730280846,"homogeneous_rhob_0.3::15","shard_0065.rds"
66,2,"homogeneous_rhob_0.3",16,730280847,"homogeneous_rhob_0.3::16","shard_0066.rds"
67,2,"homogeneous_rhob_0.3",17,730280848,"homogeneous_rhob_0.3::17","shard_0067.rds"
68,2,"homogeneous_rhob_0.3",18,730280849,"homogeneous_rhob_0.3::18","shard_0068.rds"
69,2,"homogeneous_rhob_0.3",19,730280850,"homogeneous_rhob_0.3::19","shard_0069.rds"
70,2,"homogeneous_rhob_0.3",20,730280851,"homogeneous_rhob_0.3::20","shard_0070.rds"
71,2,"homogeneous_rhob_0.3",21,730280852,"homogeneous_rhob_0.3::21","shard_0071.rds"
72,2,"homogeneous_rhob_0.3",22,730280853,"homogeneous_rhob_0.3::22","shard_0072.rds"
73,2,"homogeneous_rhob_0.3",23,730280854,"homogeneous_rhob_0.3::23","shard_0073.rds"
74,2,"homogeneous_rhob_0.3",24,730280855,"homogeneous_rhob_0.3::24","shard_0074.rds"
75,2,"homogeneous_rhob_0.3",25,730280856,"homogeneous_rhob_0.3::25","shard_0075.rds"
76,2,"homogeneous_rhob_0.3",26,730280857,"homogeneous_rhob_0.3::26","shard_0076.rds"
77,2,"homogeneous_rhob_0.3",27,730280858,"homogeneous_rhob_0.3::27","shard_0077.rds"
78,2,"homogeneous_rhob_0.3",28,730280859,"homogeneous_rhob_0.3::28","shard_0078.rds"
79,2,"homogeneous_rhob_0.3",29,730280860,"homogeneous_rhob_0.3::29","shard_0079.rds"
80,2,"homogeneous_rhob_0.3",30,730280861,"homogeneous_rhob_0.3::30","shard_0080.rds"
81,2,"homogeneous_rhob_0.3",31,730280862,"homogeneous_rhob_0.3::31","shard_0081.rds"
82,2,"homogeneous_rhob_0.3",32,730280863,"homogeneous_rhob_0.3::32","shard_0082.rds"
83,2,"homogeneous_rhob_0.3",33,730280864,"homogeneous_rhob_0.3::33","shard_0083.rds"
84,2,"homogeneous_rhob_0.3",34,730280865,"homogeneous_rhob_0.3::34","shard_0084.rds"
85,2,"homogeneous_rhob_0.3",35,730280866,"homogeneous_rhob_0.3::35","shard_0085.rds"
86,2,"homogeneous_rhob_0.3",36,730280867,"homogeneous_rhob_0.3::36","shard_0086.rds"
87,2,"homogeneous_rhob_0.3",37,730280868,"homogeneous_rhob_0.3::37","shard_0087.rds"
88,2,"homogeneous_rhob_0.3",38,730280869,"homogeneous_rhob_0.3::38","shard_0088.rds"
89,2,"homogeneous_rhob_0.3",39,730280870,"homogeneous_rhob_0.3::39","shard_0089.rds"
90,2,"homogeneous_rhob_0.3",40,730280871,"homogeneous_rhob_0.3::40","shard_0090.rds"
91,2,"homogeneous_rhob_0.3",41,730280872,"homogeneous_rhob_0.3::41","shard_0091.rds"
92,2,"homogeneous_rhob_0.3",42,730280873,"homogeneous_rhob_0.3::42","shard_0092.rds"
93,2,"homogeneous_rhob_0.3",43,730280874,"homogeneous_rhob_0.3::43","shard_0093.rds"
94,2,"homogeneous_rhob_0.3",44,730280875,"homogeneous_rhob_0.3::44","shard_0094.rds"
95,2,"homogeneous_rhob_0.3",45,730280876,"homogeneous_rhob_0.3::45","shard_0095.rds"
96,2,"homogeneous_rhob_0.3",46,730280877,"homogeneous_rhob_0.3::46","shard_0096.rds"
97,2,"homogeneous_rhob_0.3",47,730280878,"homogeneous_rhob_0.3::47","shard_0097.rds"
98,2,"homogeneous_rhob_0.3",48,730280879,"homogeneous_rhob_0.3::48","shard_0098.rds"
99,2,"homogeneous_rhob_0.3",49,730280880,"homogeneous_rhob_0.3::49","shard_0099.rds"
100,2,"homogeneous_rhob_0.3",50,730280881,"homogeneous_rhob_0.3::50","shard_0100.rds"
101,3,"homogeneous_rhob_0.9",1,730290832,"homogeneous_rhob_0.9::1","shard_0101.rds"
102,3,"homogeneous_rhob_0.9",2,730290833,"homogeneous_rhob_0.9::2","shard_0102.rds"
103,3,"homogeneous_rhob_0.9",3,730290834,"homogeneous_rhob_0.9::3","shard_0103.rds"
104,3,"homogeneous_rhob_0.9",4,730290835,"homogeneous_rhob_0.9::4","shard_0104.rds"
105,3,"homogeneous_rhob_0.9",5,730290836,"homogeneous_rhob_0.9::5","shard_0105.rds"
106,3,"homogeneous_rhob_0.9",6,730290837,"homogeneous_rhob_0.9::6","shard_0106.rds"
107,3,"homogeneous_rhob_0.9",7,730290838,"homogeneous_rhob_0.9::7","shard_0107.rds"
108,3,"homogeneous_rhob_0.9",8,730290839,"homogeneous_rhob_0.9::8","shard_0108.rds"
109,3,"homogeneous_rhob_0.9",9,730290840,"homogeneous_rhob_0.9::9","shard_0109.rds"
110,3,"homogeneous_rhob_0.9",10,730290841,"homogeneous_rhob_0.9::10","shard_0110.rds"
111,3,"homogeneous_rhob_0.9",11,730290842,"homogeneous_rhob_0.9::11","shard_0111.rds"
112,3,"homogeneous_rhob_0.9",12,730290843,"homogeneous_rhob_0.9::12","shard_0112.rds"
113,3,"homogeneous_rhob_0.9",13,730290844,"homogeneous_rhob_0.9::13","shard_0113.rds"
114,3,"homogeneous_rhob_0.9",14,730290845,"homogeneous_rhob_0.9::14","shard_0114.rds"
115,3,"homogeneous_rhob_0.9",15,730290846,"homogeneous_rhob_0.9::15","shard_0115.rds"
116,3,"homogeneous_rhob_0.9",16,730290847,"homogeneous_rhob_0.9::16","shard_0116.rds"
117,3,"homogeneous_rhob_0.9",17,730290848,"homogeneous_rhob_0.9::17","shard_0117.rds"
118,3,"homogeneous_rhob_0.9",18,730290849,"homogeneous_rhob_0.9::18","shard_0118.rds"
119,3,"homogeneous_rhob_0.9",19,730290850,"homogeneous_rhob_0.9::19","shard_0119.rds"
120,3,"homogeneous_rhob_0.9",20,730290851,"homogeneous_rhob_0.9::20","shard_0120.rds"
121,3,"homogeneous_rhob_0.9",21,730290852,"homogeneous_rhob_0.9::21","shard_0121.rds"
122,3,"homogeneous_rhob_0.9",22,730290853,"homogeneous_rhob_0.9::22","shard_0122.rds"
123,3,"homogeneous_rhob_0.9",23,730290854,"homogeneous_rhob_0.9::23","shard_0123.rds"
124,3,"homogeneous_rhob_0.9",24,730290855,"homogeneous_rhob_0.9::24","shard_0124.rds"
125,3,"homogeneous_rhob_0.9",25,730290856,"homogeneous_rhob_0.9::25","shard_0125.rds"
126,3,"homogeneous_rhob_0.9",26,730290857,"homogeneous_rhob_0.9::26","shard_0126.rds"
127,3,"homogeneous_rhob_0.9",27,730290858,"homogeneous_rhob_0.9::27","shard_0127.rds"
128,3,"homogeneous_rhob_0.9",28,730290859,"homogeneous_rhob_0.9::28","shard_0128.rds"
129,3,"homogeneous_rhob_0.9",29,730290860,"homogeneous_rhob_0.9::29","shard_0129.rds"
130,3,"homogeneous_rhob_0.9",30,730290861,"homogeneous_rhob_0.9::30","shard_0130.rds"
131,3,"homogeneous_rhob_0.9",31,730290862,"homogeneous_rhob_0.9::31","shard_0131.rds"
132,3,"homogeneous_rhob_0.9",32,730290863,"homogeneous_rhob_0.9::32","shard_0132.rds"
133,3,"homogeneous_rhob_0.9",33,730290864,"homogeneous_rhob_0.9::33","shard_0133.rds"
134,3,"homogeneous_rhob_0.9",34,730290865,"homogeneous_rhob_0.9::34","shard_0134.rds"
135,3,"homogeneous_rhob_0.9",35,730290866,"homogeneous_rhob_0.9::35","shard_0135.rds"
136,3,"homogeneous_rhob_0.9",36,730290867,"homogeneous_rhob_0.9::36","shard_0136.rds"
137,3,"homogeneous_rhob_0.9",37,730290868,"homogeneous_rhob_0.9::37","shard_0137.rds"
138,3,"homogeneous_rhob_0.9",38,730290869,"homogeneous_rhob_0.9::38","shard_0138.rds"
139,3,"homogeneous_rhob_0.9",39,730290870,"homogeneous_rhob_0.9::39","shard_0139.rds"
140,3,"homogeneous_rhob_0.9",40,730290871,"homogeneous_rhob_0.9::40","shard_0140.rds"
141,3,"homogeneous_rhob_0.9",41,730290872,"homogeneous_rhob_0.9::41","shard_0141.rds"
142,3,"homogeneous_rhob_0.9",42,730290873,"homogeneous_rhob_0.9::42","shard_0142.rds"
143,3,"homogeneous_rhob_0.9",43,730290874,"homogeneous_rhob_0.9::43","shard_0143.rds"
144,3,"homogeneous_rhob_0.9",44,730290875,"homogeneous_rhob_0.9::44","shard_0144.rds"
145,3,"homogeneous_rhob_0.9",45,730290876,"homogeneous_rhob_0.9::45","shard_0145.rds"
146,3,"homogeneous_rhob_0.9",46,730290877,"homogeneous_rhob_0.9::46","shard_0146.rds"
147,3,"homogeneous_rhob_0.9",47,730290878,"homogeneous_rhob_0.9::47","shard_0147.rds"
148,3,"homogeneous_rhob_0.9",48,730290879,"homogeneous_rhob_0.9::48","shard_0148.rds"
149,3,"homogeneous_rhob_0.9",49,730290880,"homogeneous_rhob_0.9::49","shard_0149.rds"
150,3,"homogeneous_rhob_0.9",50,730290881,"homogeneous_rhob_0.9::50","shard_0150.rds"
151,4,"weak_strong_mixed_rhob_0.0",1,730300832,"weak_strong_mixed_rhob_0.0::1","shard_0151.rds"
152,4,"weak_strong_mixed_rhob_0.0",2,730300833,"weak_strong_mixed_rhob_0.0::2","shard_0152.rds"
153,4,"weak_strong_mixed_rhob_0.0",3,730300834,"weak_strong_mixed_rhob_0.0::3","shard_0153.rds"
154,4,"weak_strong_mixed_rhob_0.0",4,730300835,"weak_strong_mixed_rhob_0.0::4","shard_0154.rds"
155,4,"weak_strong_mixed_rhob_0.0",5,730300836,"weak_strong_mixed_rhob_0.0::5","shard_0155.rds"
156,4,"weak_strong_mixed_rhob_0.0",6,730300837,"weak_strong_mixed_rhob_0.0::6","shard_0156.rds"
157,4,"weak_strong_mixed_rhob_0.0",7,730300838,"weak_strong_mixed_rhob_0.0::7","shard_0157.rds"
158,4,"weak_strong_mixed_rhob_0.0",8,730300839,"weak_strong_mixed_rhob_0.0::8","shard_0158.rds"
159,4,"weak_strong_mixed_rhob_0.0",9,730300840,"weak_strong_mixed_rhob_0.0::9","shard_0159.rds"
160,4,"weak_strong_mixed_rhob_0.0",10,730300841,"weak_strong_mixed_rhob_0.0::10","shard_0160.rds"
161,4,"weak_strong_mixed_rhob_0.0",11,730300842,"weak_strong_mixed_rhob_0.0::11","shard_0161.rds"
162,4,"weak_strong_mixed_rhob_0.0",12,730300843,"weak_strong_mixed_rhob_0.0::12","shard_0162.rds"
163,4,"weak_strong_mixed_rhob_0.0",13,730300844,"weak_strong_mixed_rhob_0.0::13","shard_0163.rds"
164,4,"weak_strong_mixed_rhob_0.0",14,730300845,"weak_strong_mixed_rhob_0.0::14","shard_0164.rds"
165,4,"weak_strong_mixed_rhob_0.0",15,730300846,"weak_strong_mixed_rhob_0.0::15","shard_0165.rds"
166,4,"weak_strong_mixed_rhob_0.0",16,730300847,"weak_strong_mixed_rhob_0.0::16","shard_0166.rds"
167,4,"weak_strong_mixed_rhob_0.0",17,730300848,"weak_strong_mixed_rhob_0.0::17","shard_0167.rds"
168,4,"weak_strong_mixed_rhob_0.0",18,730300849,"weak_strong_mixed_rhob_0.0::18","shard_0168.rds"
169,4,"weak_strong_mixed_rhob_0.0",19,730300850,"weak_strong_mixed_rhob_0.0::19","shard_0169.rds"
170,4,"weak_strong_mixed_rhob_0.0",20,730300851,"weak_strong_mixed_rhob_0.0::20","shard_0170.rds"
171,4,"weak_strong_mixed_rhob_0.0",21,730300852,"weak_strong_mixed_rhob_0.0::21","shard_0171.rds"
172,4,"weak_strong_mixed_rhob_0.0",22,730300853,"weak_strong_mixed_rhob_0.0::22","shard_0172.rds"
173,4,"weak_strong_mixed_rhob_0.0",23,730300854,"weak_strong_mixed_rhob_0.0::23","shard_0173.rds"
174,4,"weak_strong_mixed_rhob_0.0",24,730300855,"weak_strong_mixed_rhob_0.0::24","shard_0174.rds"
175,4,"weak_strong_mixed_rhob_0.0",25,730300856,"weak_strong_mixed_rhob_0.0::25","shard_0175.rds"
176,4,"weak_strong_mixed_rhob_0.0",26,730300857,"weak_strong_mixed_rhob_0.0::26","shard_0176.rds"
177,4,"weak_strong_mixed_rhob_0.0",27,730300858,"weak_strong_mixed_rhob_0.0::27","shard_0177.rds"
178,4,"weak_strong_mixed_rhob_0.0",28,730300859,"weak_strong_mixed_rhob_0.0::28","shard_0178.rds"
179,4,"weak_strong_mixed_rhob_0.0",29,730300860,"weak_strong_mixed_rhob_0.0::29","shard_0179.rds"
180,4,"weak_strong_mixed_rhob_0.0",30,730300861,"weak_strong_mixed_rhob_0.0::30","shard_0180.rds"
181,4,"weak_strong_mixed_rhob_0.0",31,730300862,"weak_strong_mixed_rhob_0.0::31","shard_0181.rds"
182,4,"weak_strong_mixed_rhob_0.0",32,730300863,"weak_strong_mixed_rhob_0.0::32","shard_0182.rds"
183,4,"weak_strong_mixed_rhob_0.0",33,730300864,"weak_strong_mixed_rhob_0.0::33","shard_0183.rds"
184,4,"weak_strong_mixed_rhob_0.0",34,730300865,"weak_strong_mixed_rhob_0.0::34","shard_0184.rds"
185,4,"weak_strong_mixed_rhob_0.0",35,730300866,"weak_strong_mixed_rhob_0.0::35","shard_0185.rds"
186,4,"weak_strong_mixed_rhob_0.0",36,730300867,"weak_strong_mixed_rhob_0.0::36","shard_0186.rds"
187,4,"weak_strong_mixed_rhob_0.0",37,730300868,"weak_strong_mixed_rhob_0.0::37","shard_0187.rds"
188,4,"weak_strong_mixed_rhob_0.0",38,730300869,"weak_strong_mixed_rhob_0.0::38","shard_0188.rds"
189,4,"weak_strong_mixed_rhob_0.0",39,730300870,"weak_strong_mixed_rhob_0.0::39","shard_0189.rds"
190,4,"weak_strong_mixed_rhob_0.0",40,730300871,"weak_strong_mixed_rhob_0.0::40","shard_0190.rds"
191,4,"weak_strong_mixed_rhob_0.0",41,730300872,"weak_strong_mixed_rhob_0.0::41","shard_0191.rds"
192,4,"weak_strong_mixed_rhob_0.0",42,730300873,"weak_strong_mixed_rhob_0.0::42","shard_0192.rds"
193,4,"weak_strong_mixed_rhob_0.0",43,730300874,"weak_strong_mixed_rhob_0.0::43","shard_0193.rds"
194,4,"weak_strong_mixed_rhob_0.0",44,730300875,"weak_strong_mixed_rhob_0.0::44","shard_0194.rds"
195,4,"weak_strong_mixed_rhob_0.0",45,730300876,"weak_strong_mixed_rhob_0.0::45","shard_0195.rds"
196,4,"weak_strong_mixed_rhob_0.0",46,730300877,"weak_strong_mixed_rhob_0.0::46","shard_0196.rds"
197,4,"weak_strong_mixed_rhob_0.0",47,730300878,"weak_strong_mixed_rhob_0.0::47","shard_0197.rds"
198,4,"weak_strong_mixed_rhob_0.0",48,730300879,"weak_strong_mixed_rhob_0.0::48","shard_0198.rds"
199,4,"weak_strong_mixed_rhob_0.0",49,730300880,"weak_strong_mixed_rhob_0.0::49","shard_0199.rds"
200,4,"weak_strong_mixed_rhob_0.0",50,730300881,"weak_strong_mixed_rhob_0.0::50","shard_0200.rds"
201,5,"weak_strong_mixed_rhob_0.3",1,730310832,"weak_strong_mixed_rhob_0.3::1","shard_0201.rds"
202,5,"weak_strong_mixed_rhob_0.3",2,730310833,"weak_strong_mixed_rhob_0.3::2","shard_0202.rds"
203,5,"weak_strong_mixed_rhob_0.3",3,730310834,"weak_strong_mixed_rhob_0.3::3","shard_0203.rds"
204,5,"weak_strong_mixed_rhob_0.3",4,730310835,"weak_strong_mixed_rhob_0.3::4","shard_0204.rds"
205,5,"weak_strong_mixed_rhob_0.3",5,730310836,"weak_strong_mixed_rhob_0.3::5","shard_0205.rds"
206,5,"weak_strong_mixed_rhob_0.3",6,730310837,"weak_strong_mixed_rhob_0.3::6","shard_0206.rds"
207,5,"weak_strong_mixed_rhob_0.3",7,730310838,"weak_strong_mixed_rhob_0.3::7","shard_0207.rds"
208,5,"weak_strong_mixed_rhob_0.3",8,730310839,"weak_strong_mixed_rhob_0.3::8","shard_0208.rds"
209,5,"weak_strong_mixed_rhob_0.3",9,730310840,"weak_strong_mixed_rhob_0.3::9","shard_0209.rds"
210,5,"weak_strong_mixed_rhob_0.3",10,730310841,"weak_strong_mixed_rhob_0.3::10","shard_0210.rds"
211,5,"weak_strong_mixed_rhob_0.3",11,730310842,"weak_strong_mixed_rhob_0.3::11","shard_0211.rds"
212,5,"weak_strong_mixed_rhob_0.3",12,730310843,"weak_strong_mixed_rhob_0.3::12","shard_0212.rds"
213,5,"weak_strong_mixed_rhob_0.3",13,730310844,"weak_strong_mixed_rhob_0.3::13","shard_0213.rds"
214,5,"weak_strong_mixed_rhob_0.3",14,730310845,"weak_strong_mixed_rhob_0.3::14","shard_0214.rds"
215,5,"weak_strong_mixed_rhob_0.3",15,730310846,"weak_strong_mixed_rhob_0.3::15","shard_0215.rds"
216,5,"weak_strong_mixed_rhob_0.3",16,730310847,"weak_strong_mixed_rhob_0.3::16","shard_0216.rds"
217,5,"weak_strong_mixed_rhob_0.3",17,730310848,"weak_strong_mixed_rhob_0.3::17","shard_0217.rds"
218,5,"weak_strong_mixed_rhob_0.3",18,730310849,"weak_strong_mixed_rhob_0.3::18","shard_0218.rds"
219,5,"weak_strong_mixed_rhob_0.3",19,730310850,"weak_strong_mixed_rhob_0.3::19","shard_0219.rds"
220,5,"weak_strong_mixed_rhob_0.3",20,730310851,"weak_strong_mixed_rhob_0.3::20","shard_0220.rds"
221,5,"weak_strong_mixed_rhob_0.3",21,730310852,"weak_strong_mixed_rhob_0.3::21","shard_0221.rds"
222,5,"weak_strong_mixed_rhob_0.3",22,730310853,"weak_strong_mixed_rhob_0.3::22","shard_0222.rds"
223,5,"weak_strong_mixed_rhob_0.3",23,730310854,"weak_strong_mixed_rhob_0.3::23","shard_0223.rds"
224,5,"weak_strong_mixed_rhob_0.3",24,730310855,"weak_strong_mixed_rhob_0.3::24","shard_0224.rds"
225,5,"weak_strong_mixed_rhob_0.3",25,730310856,"weak_strong_mixed_rhob_0.3::25","shard_0225.rds"
226,5,"weak_strong_mixed_rhob_0.3",26,730310857,"weak_strong_mixed_rhob_0.3::26","shard_0226.rds"
227,5,"weak_strong_mixed_rhob_0.3",27,730310858,"weak_strong_mixed_rhob_0.3::27","shard_0227.rds"
228,5,"weak_strong_mixed_rhob_0.3",28,730310859,"weak_strong_mixed_rhob_0.3::28","shard_0228.rds"
229,5,"weak_strong_mixed_rhob_0.3",29,730310860,"weak_strong_mixed_rhob_0.3::29","shard_0229.rds"
230,5,"weak_strong_mixed_rhob_0.3",30,730310861,"weak_strong_mixed_rhob_0.3::30","shard_0230.rds"
231,5,"weak_strong_mixed_rhob_0.3",31,730310862,"weak_strong_mixed_rhob_0.3::31","shard_0231.rds"
232,5,"weak_strong_mixed_rhob_0.3",32,730310863,"weak_strong_mixed_rhob_0.3::32","shard_0232.rds"
233,5,"weak_strong_mixed_rhob_0.3",33,730310864,"weak_strong_mixed_rhob_0.3::33","shard_0233.rds"
234,5,"weak_strong_mixed_rhob_0.3",34,730310865,"weak_strong_mixed_rhob_0.3::34","shard_0234.rds"
235,5,"weak_strong_mixed_rhob_0.3",35,730310866,"weak_strong_mixed_rhob_0.3::35","shard_0235.rds"
236,5,"weak_strong_mixed_rhob_0.3",36,730310867,"weak_strong_mixed_rhob_0.3::36","shard_0236.rds"
237,5,"weak_strong_mixed_rhob_0.3",37,730310868,"weak_strong_mixed_rhob_0.3::37","shard_0237.rds"
238,5,"weak_strong_mixed_rhob_0.3",38,730310869,"weak_strong_mixed_rhob_0.3::38","shard_0238.rds"
239,5,"weak_strong_mixed_rhob_0.3",39,730310870,"weak_strong_mixed_rhob_0.3::39","shard_0239.rds"
240,5,"weak_strong_mixed_rhob_0.3",40,730310871,"weak_strong_mixed_rhob_0.3::40","shard_0240.rds"
241,5,"weak_strong_mixed_rhob_0.3",41,730310872,"weak_strong_mixed_rhob_0.3::41","shard_0241.rds"
242,5,"weak_strong_mixed_rhob_0.3",42,730310873,"weak_strong_mixed_rhob_0.3::42","shard_0242.rds"
243,5,"weak_strong_mixed_rhob_0.3",43,730310874,"weak_strong_mixed_rhob_0.3::43","shard_0243.rds"
244,5,"weak_strong_mixed_rhob_0.3",44,730310875,"weak_strong_mixed_rhob_0.3::44","shard_0244.rds"
245,5,"weak_strong_mixed_rhob_0.3",45,730310876,"weak_strong_mixed_rhob_0.3::45","shard_0245.rds"
246,5,"weak_strong_mixed_rhob_0.3",46,730310877,"weak_strong_mixed_rhob_0.3::46","shard_0246.rds"
247,5,"weak_strong_mixed_rhob_0.3",47,730310878,"weak_strong_mixed_rhob_0.3::47","shard_0247.rds"
248,5,"weak_strong_mixed_rhob_0.3",48,730310879,"weak_strong_mixed_rhob_0.3::48","shard_0248.rds"
249,5,"weak_strong_mixed_rhob_0.3",49,730310880,"weak_strong_mixed_rhob_0.3::49","shard_0249.rds"
250,5,"weak_strong_mixed_rhob_0.3",50,730310881,"weak_strong_mixed_rhob_0.3::50","shard_0250.rds"
251,6,"weak_strong_mixed_rhob_0.9",1,730320832,"weak_strong_mixed_rhob_0.9::1","shard_0251.rds"
252,6,"weak_strong_mixed_rhob_0.9",2,730320833,"weak_strong_mixed_rhob_0.9::2","shard_0252.rds"
253,6,"weak_strong_mixed_rhob_0.9",3,730320834,"weak_strong_mixed_rhob_0.9::3","shard_0253.rds"
254,6,"weak_strong_mixed_rhob_0.9",4,730320835,"weak_strong_mixed_rhob_0.9::4","shard_0254.rds"
255,6,"weak_strong_mixed_rhob_0.9",5,730320836,"weak_strong_mixed_rhob_0.9::5","shard_0255.rds"
256,6,"weak_strong_mixed_rhob_0.9",6,730320837,"weak_strong_mixed_rhob_0.9::6","shard_0256.rds"
257,6,"weak_strong_mixed_rhob_0.9",7,730320838,"weak_strong_mixed_rhob_0.9::7","shard_0257.rds"
258,6,"weak_strong_mixed_rhob_0.9",8,730320839,"weak_strong_mixed_rhob_0.9::8","shard_0258.rds"
259,6,"weak_strong_mixed_rhob_0.9",9,730320840,"weak_strong_mixed_rhob_0.9::9","shard_0259.rds"
260,6,"weak_strong_mixed_rhob_0.9",10,730320841,"weak_strong_mixed_rhob_0.9::10","shard_0260.rds"
261,6,"weak_strong_mixed_rhob_0.9",11,730320842,"weak_strong_mixed_rhob_0.9::11","shard_0261.rds"
262,6,"weak_strong_mixed_rhob_0.9",12,730320843,"weak_strong_mixed_rhob_0.9::12","shard_0262.rds"
263,6,"weak_strong_mixed_rhob_0.9",13,730320844,"weak_strong_mixed_rhob_0.9::13","shard_0263.rds"
264,6,"weak_strong_mixed_rhob_0.9",14,730320845,"weak_strong_mixed_rhob_0.9::14","shard_0264.rds"
265,6,"weak_strong_mixed_rhob_0.9",15,730320846,"weak_strong_mixed_rhob_0.9::15","shard_0265.rds"
266,6,"weak_strong_mixed_rhob_0.9",16,730320847,"weak_strong_mixed_rhob_0.9::16","shard_0266.rds"
267,6,"weak_strong_mixed_rhob_0.9",17,730320848,"weak_strong_mixed_rhob_0.9::17","shard_0267.rds"
268,6,"weak_strong_mixed_rhob_0.9",18,730320849,"weak_strong_mixed_rhob_0.9::18","shard_0268.rds"
269,6,"weak_strong_mixed_rhob_0.9",19,730320850,"weak_strong_mixed_rhob_0.9::19","shard_0269.rds"
270,6,"weak_strong_mixed_rhob_0.9",20,730320851,"weak_strong_mixed_rhob_0.9::20","shard_0270.rds"
271,6,"weak_strong_mixed_rhob_0.9",21,730320852,"weak_strong_mixed_rhob_0.9::21","shard_0271.rds"
272,6,"weak_strong_mixed_rhob_0.9",22,730320853,"weak_strong_mixed_rhob_0.9::22","shard_0272.rds"
273,6,"weak_strong_mixed_rhob_0.9",23,730320854,"weak_strong_mixed_rhob_0.9::23","shard_0273.rds"
274,6,"weak_strong_mixed_rhob_0.9",24,730320855,"weak_strong_mixed_rhob_0.9::24","shard_0274.rds"
275,6,"weak_strong_mixed_rhob_0.9",25,730320856,"weak_strong_mixed_rhob_0.9::25","shard_0275.rds"
276,6,"weak_strong_mixed_rhob_0.9",26,730320857,"weak_strong_mixed_rhob_0.9::26","shard_0276.rds"
277,6,"weak_strong_mixed_rhob_0.9",27,730320858,"weak_strong_mixed_rhob_0.9::27","shard_0277.rds"
278,6,"weak_strong_mixed_rhob_0.9",28,730320859,"weak_strong_mixed_rhob_0.9::28","shard_0278.rds"
279,6,"weak_strong_mixed_rhob_0.9",29,730320860,"weak_strong_mixed_rhob_0.9::29","shard_0279.rds"
280,6,"weak_strong_mixed_rhob_0.9",30,730320861,"weak_strong_mixed_rhob_0.9::30","shard_0280.rds"
281,6,"weak_strong_mixed_rhob_0.9",31,730320862,"weak_strong_mixed_rhob_0.9::31","shard_0281.rds"
282,6,"weak_strong_mixed_rhob_0.9",32,730320863,"weak_strong_mixed_rhob_0.9::32","shard_0282.rds"
283,6,"weak_strong_mixed_rhob_0.9",33,730320864,"weak_strong_mixed_rhob_0.9::33","shard_0283.rds"
284,6,"weak_strong_mixed_rhob_0.9",34,730320865,"weak_strong_mixed_rhob_0.9::34","shard_0284.rds"
285,6,"weak_strong_mixed_rhob_0.9",35,730320866,"weak_strong_mixed_rhob_0.9::35","shard_0285.rds"
286,6,"weak_strong_mixed_rhob_0.9",36,730320867,"weak_strong_mixed_rhob_0.9::36","shard_0286.rds"
287,6,"weak_strong_mixed_rhob_0.9",37,730320868,"weak_strong_mixed_rhob_0.9::37","shard_0287.rds"
288,6,"weak_strong_mixed_rhob_0.9",38,730320869,"weak_strong_mixed_rhob_0.9::38","shard_0288.rds"
289,6,"weak_strong_mixed_rhob_0.9",39,730320870,"weak_strong_mixed_rhob_0.9::39","shard_0289.rds"
290,6,"weak_strong_mixed_rhob_0.9",40,730320871,"weak_strong_mixed_rhob_0.9::40","shard_0290.rds"
291,6,"weak_strong_mixed_rhob_0.9",41,730320872,"weak_strong_mixed_rhob_0.9::41","shard_0291.rds"
292,6,"weak_strong_mixed_rhob_0.9",42,730320873,"weak_strong_mixed_rhob_0.9::42","shard_0292.rds"
293,6,"weak_strong_mixed_rhob_0.9",43,730320874,"weak_strong_mixed_rhob_0.9::43","shard_0293.rds"
294,6,"weak_strong_mixed_rhob_0.9",44,730320875,"weak_strong_mixed_rhob_0.9::44","shard_0294.rds"
295,6,"weak_strong_mixed_rhob_0.9",45,730320876,"weak_strong_mixed_rhob_0.9::45","shard_0295.rds"
296,6,"weak_strong_mixed_rhob_0.9",46,730320877,"weak_strong_mixed_rhob_0.9::46","shard_0296.rds"
297,6,"weak_strong_mixed_rhob_0.9",47,730320878,"weak_strong_mixed_rhob_0.9::47","shard_0297.rds"
298,6,"weak_strong_mixed_rhob_0.9",48,730320879,"weak_strong_mixed_rhob_0.9::48","shard_0298.rds"
299,6,"weak_strong_mixed_rhob_0.9",49,730320880,"weak_strong_mixed_rhob_0.9::49","shard_0299.rds"
300,6,"weak_strong_mixed_rhob_0.9",50,730320881,"weak_strong_mixed_rhob_0.9::50","shard_0300.rds"
301,7,"weak_strong_mixed_rhob_0.3_prev_0.1",1,730330832,"weak_strong_mixed_rhob_0.3_prev_0.1::1","shard_0301.rds"
302,7,"weak_strong_mixed_rhob_0.3_prev_0.1",2,730330833,"weak_strong_mixed_rhob_0.3_prev_0.1::2","shard_0302.rds"
303,7,"weak_strong_mixed_rhob_0.3_prev_0.1",3,730330834,"weak_strong_mixed_rhob_0.3_prev_0.1::3","shard_0303.rds"
304,7,"weak_strong_mixed_rhob_0.3_prev_0.1",4,730330835,"weak_strong_mixed_rhob_0.3_prev_0.1::4","shard_0304.rds"
305,7,"weak_strong_mixed_rhob_0.3_prev_0.1",5,730330836,"weak_strong_mixed_rhob_0.3_prev_0.1::5","shard_0305.rds"
306,7,"weak_strong_mixed_rhob_0.3_prev_0.1",6,730330837,"weak_strong_mixed_rhob_0.3_prev_0.1::6","shard_0306.rds"
307,7,"weak_strong_mixed_rhob_0.3_prev_0.1",7,730330838,"weak_strong_mixed_rhob_0.3_prev_0.1::7","shard_0307.rds"
308,7,"weak_strong_mixed_rhob_0.3_prev_0.1",8,730330839,"weak_strong_mixed_rhob_0.3_prev_0.1::8","shard_0308.rds"
309,7,"weak_strong_mixed_rhob_0.3_prev_0.1",9,730330840,"weak_strong_mixed_rhob_0.3_prev_0.1::9","shard_0309.rds"
310,7,"weak_strong_mixed_rhob_0.3_prev_0.1",10,730330841,"weak_strong_mixed_rhob_0.3_prev_0.1::10","shard_0310.rds"
311,7,"weak_strong_mixed_rhob_0.3_prev_0.1",11,730330842,"weak_strong_mixed_rhob_0.3_prev_0.1::11","shard_0311.rds"
312,7,"weak_strong_mixed_rhob_0.3_prev_0.1",12,730330843,"weak_strong_mixed_rhob_0.3_prev_0.1::12","shard_0312.rds"
313,7,"weak_strong_mixed_rhob_0.3_prev_0.1",13,730330844,"weak_strong_mixed_rhob_0.3_prev_0.1::13","shard_0313.rds"
314,7,"weak_strong_mixed_rhob_0.3_prev_0.1",14,730330845,"weak_strong_mixed_rhob_0.3_prev_0.1::14","shard_0314.rds"
315,7,"weak_strong_mixed_rhob_0.3_prev_0.1",15,730330846,"weak_strong_mixed_rhob_0.3_prev_0.1::15","shard_0315.rds"
316,7,"weak_strong_mixed_rhob_0.3_prev_0.1",16,730330847,"weak_strong_mixed_rhob_0.3_prev_0.1::16","shard_0316.rds"
317,7,"weak_strong_mixed_rhob_0.3_prev_0.1",17,730330848,"weak_strong_mixed_rhob_0.3_prev_0.1::17","shard_0317.rds"
318,7,"weak_strong_mixed_rhob_0.3_prev_0.1",18,730330849,"weak_strong_mixed_rhob_0.3_prev_0.1::18","shard_0318.rds"
319,7,"weak_strong_mixed_rhob_0.3_prev_0.1",19,730330850,"weak_strong_mixed_rhob_0.3_prev_0.1::19","shard_0319.rds"
320,7,"weak_strong_mixed_rhob_0.3_prev_0.1",20,730330851,"weak_strong_mixed_rhob_0.3_prev_0.1::20","shard_0320.rds"
321,7,"weak_strong_mixed_rhob_0.3_prev_0.1",21,730330852,"weak_strong_mixed_rhob_0.3_prev_0.1::21","shard_0321.rds"
322,7,"weak_strong_mixed_rhob_0.3_prev_0.1",22,730330853,"weak_strong_mixed_rhob_0.3_prev_0.1::22","shard_0322.rds"
323,7,"weak_strong_mixed_rhob_0.3_prev_0.1",23,730330854,"weak_strong_mixed_rhob_0.3_prev_0.1::23","shard_0323.rds"
324,7,"weak_strong_mixed_rhob_0.3_prev_0.1",24,730330855,"weak_strong_mixed_rhob_0.3_prev_0.1::24","shard_0324.rds"
325,7,"weak_strong_mixed_rhob_0.3_prev_0.1",25,730330856,"weak_strong_mixed_rhob_0.3_prev_0.1::25","shard_0325.rds"
326,7,"weak_strong_mixed_rhob_0.3_prev_0.1",26,730330857,"weak_strong_mixed_rhob_0.3_prev_0.1::26","shard_0326.rds"
327,7,"weak_strong_mixed_rhob_0.3_prev_0.1",27,730330858,"weak_strong_mixed_rhob_0.3_prev_0.1::27","shard_0327.rds"
328,7,"weak_strong_mixed_rhob_0.3_prev_0.1",28,730330859,"weak_strong_mixed_rhob_0.3_prev_0.1::28","shard_0328.rds"
329,7,"weak_strong_mixed_rhob_0.3_prev_0.1",29,730330860,"weak_strong_mixed_rhob_0.3_prev_0.1::29","shard_0329.rds"
330,7,"weak_strong_mixed_rhob_0.3_prev_0.1",30,730330861,"weak_strong_mixed_rhob_0.3_prev_0.1::30","shard_0330.rds"
331,7,"weak_strong_mixed_rhob_0.3_prev_0.1",31,730330862,"weak_strong_mixed_rhob_0.3_prev_0.1::31","shard_0331.rds"
332,7,"weak_strong_mixed_rhob_0.3_prev_0.1",32,730330863,"weak_strong_mixed_rhob_0.3_prev_0.1::32","shard_0332.rds"
333,7,"weak_strong_mixed_rhob_0.3_prev_0.1",33,730330864,"weak_strong_mixed_rhob_0.3_prev_0.1::33","shard_0333.rds"
334,7,"weak_strong_mixed_rhob_0.3_prev_0.1",34,730330865,"weak_strong_mixed_rhob_0.3_prev_0.1::34","shard_0334.rds"
335,7,"weak_strong_mixed_rhob_0.3_prev_0.1",35,730330866,"weak_strong_mixed_rhob_0.3_prev_0.1::35","shard_0335.rds"
336,7,"weak_strong_mixed_rhob_0.3_prev_0.1",36,730330867,"weak_strong_mixed_rhob_0.3_prev_0.1::36","shard_0336.rds"
337,7,"weak_strong_mixed_rhob_0.3_prev_0.1",37,730330868,"weak_strong_mixed_rhob_0.3_prev_0.1::37","shard_0337.rds"
338,7,"weak_strong_mixed_rhob_0.3_prev_0.1",38,730330869,"weak_strong_mixed_rhob_0.3_prev_0.1::38","shard_0338.rds"
339,7,"weak_strong_mixed_rhob_0.3_prev_0.1",39,730330870,"weak_strong_mixed_rhob_0.3_prev_0.1::39","shard_0339.rds"
340,7,"weak_strong_mixed_rhob_0.3_prev_0.1",40,730330871,"weak_strong_mixed_rhob_0.3_prev_0.1::40","shard_0340.rds"
341,7,"weak_strong_mixed_rhob_0.3_prev_0.1",41,730330872,"weak_strong_mixed_rhob_0.3_prev_0.1::41","shard_0341.rds"
342,7,"weak_strong_mixed_rhob_0.3_prev_0.1",42,730330873,"weak_strong_mixed_rhob_0.3_prev_0.1::42","shard_0342.rds"
343,7,"weak_strong_mixed_rhob_0.3_prev_0.1",43,730330874,"weak_strong_mixed_rhob_0.3_prev_0.1::43","shard_0343.rds"
344,7,"weak_strong_mixed_rhob_0.3_prev_0.1",44,730330875,"weak_strong_mixed_rhob_0.3_prev_0.1::44","shard_0344.rds"
345,7,"weak_strong_mixed_rhob_0.3_prev_0.1",45,730330876,"weak_strong_mixed_rhob_0.3_prev_0.1::45","shard_0345.rds"
346,7,"weak_strong_mixed_rhob_0.3_prev_0.1",46,730330877,"weak_strong_mixed_rhob_0.3_prev_0.1::46","shard_0346.rds"
347,7,"weak_strong_mixed_rhob_0.3_prev_0.1",47,730330878,"weak_strong_mixed_rhob_0.3_prev_0.1::47","shard_0347.rds"
348,7,"weak_strong_mixed_rhob_0.3_prev_0.1",48,730330879,"weak_strong_mixed_rhob_0.3_prev_0.1::48","shard_0348.rds"
349,7,"weak_strong_mixed_rhob_0.3_prev_0.1",49,730330880,"weak_strong_mixed_rhob_0.3_prev_0.1::49","shard_0349.rds"
350,7,"weak_strong_mixed_rhob_0.3_prev_0.1",50,730330881,"weak_strong_mixed_rhob_0.3_prev_0.1::50","shard_0350.rds"
351,8,"weak_strong_mixed_rhob_0.9_prev_0.1",1,730340832,"weak_strong_mixed_rhob_0.9_prev_0.1::1","shard_0351.rds"
352,8,"weak_strong_mixed_rhob_0.9_prev_0.1",2,730340833,"weak_strong_mixed_rhob_0.9_prev_0.1::2","shard_0352.rds"
353,8,"weak_strong_mixed_rhob_0.9_prev_0.1",3,730340834,"weak_strong_mixed_rhob_0.9_prev_0.1::3","shard_0353.rds"
354,8,"weak_strong_mixed_rhob_0.9_prev_0.1",4,730340835,"weak_strong_mixed_rhob_0.9_prev_0.1::4","shard_0354.rds"
355,8,"weak_strong_mixed_rhob_0.9_prev_0.1",5,730340836,"weak_strong_mixed_rhob_0.9_prev_0.1::5","shard_0355.rds"
356,8,"weak_strong_mixed_rhob_0.9_prev_0.1",6,730340837,"weak_strong_mixed_rhob_0.9_prev_0.1::6","shard_0356.rds"
357,8,"weak_strong_mixed_rhob_0.9_prev_0.1",7,730340838,"weak_strong_mixed_rhob_0.9_prev_0.1::7","shard_0357.rds"
358,8,"weak_strong_mixed_rhob_0.9_prev_0.1",8,730340839,"weak_strong_mixed_rhob_0.9_prev_0.1::8","shard_0358.rds"
359,8,"weak_strong_mixed_rhob_0.9_prev_0.1",9,730340840,"weak_strong_mixed_rhob_0.9_prev_0.1::9","shard_0359.rds"
360,8,"weak_strong_mixed_rhob_0.9_prev_0.1",10,730340841,"weak_strong_mixed_rhob_0.9_prev_0.1::10","shard_0360.rds"
361,8,"weak_strong_mixed_rhob_0.9_prev_0.1",11,730340842,"weak_strong_mixed_rhob_0.9_prev_0.1::11","shard_0361.rds"
362,8,"weak_strong_mixed_rhob_0.9_prev_0.1",12,730340843,"weak_strong_mixed_rhob_0.9_prev_0.1::12","shard_0362.rds"
363,8,"weak_strong_mixed_rhob_0.9_prev_0.1",13,730340844,"weak_strong_mixed_rhob_0.9_prev_0.1::13","shard_0363.rds"
364,8,"weak_strong_mixed_rhob_0.9_prev_0.1",14,730340845,"weak_strong_mixed_rhob_0.9_prev_0.1::14","shard_0364.rds"
365,8,"weak_strong_mixed_rhob_0.9_prev_0.1",15,730340846,"weak_strong_mixed_rhob_0.9_prev_0.1::15","shard_0365.rds"
366,8,"weak_strong_mixed_rhob_0.9_prev_0.1",16,730340847,"weak_strong_mixed_rhob_0.9_prev_0.1::16","shard_0366.rds"
367,8,"weak_strong_mixed_rhob_0.9_prev_0.1",17,730340848,"weak_strong_mixed_rhob_0.9_prev_0.1::17","shard_0367.rds"
368,8,"weak_strong_mixed_rhob_0.9_prev_0.1",18,730340849,"weak_strong_mixed_rhob_0.9_prev_0.1::18","shard_0368.rds"
369,8,"weak_strong_mixed_rhob_0.9_prev_0.1",19,730340850,"weak_strong_mixed_rhob_0.9_prev_0.1::19","shard_0369.rds"
370,8,"weak_strong_mixed_rhob_0.9_prev_0.1",20,730340851,"weak_strong_mixed_rhob_0.9_prev_0.1::20","shard_0370.rds"
371,8,"weak_strong_mixed_rhob_0.9_prev_0.1",21,730340852,"weak_strong_mixed_rhob_0.9_prev_0.1::21","shard_0371.rds"
372,8,"weak_strong_mixed_rhob_0.9_prev_0.1",22,730340853,"weak_strong_mixed_rhob_0.9_prev_0.1::22","shard_0372.rds"
373,8,"weak_strong_mixed_rhob_0.9_prev_0.1",23,730340854,"weak_strong_mixed_rhob_0.9_prev_0.1::23","shard_0373.rds"
374,8,"weak_strong_mixed_rhob_0.9_prev_0.1",24,730340855,"weak_strong_mixed_rhob_0.9_prev_0.1::24","shard_0374.rds"
375,8,"weak_strong_mixed_rhob_0.9_prev_0.1",25,730340856,"weak_strong_mixed_rhob_0.9_prev_0.1::25","shard_0375.rds"
376,8,"weak_strong_mixed_rhob_0.9_prev_0.1",26,730340857,"weak_strong_mixed_rhob_0.9_prev_0.1::26","shard_0376.rds"
377,8,"weak_strong_mixed_rhob_0.9_prev_0.1",27,730340858,"weak_strong_mixed_rhob_0.9_prev_0.1::27","shard_0377.rds"
378,8,"weak_strong_mixed_rhob_0.9_prev_0.1",28,730340859,"weak_strong_mixed_rhob_0.9_prev_0.1::28","shard_0378.rds"
379,8,"weak_strong_mixed_rhob_0.9_prev_0.1",29,730340860,"weak_strong_mixed_rhob_0.9_prev_0.1::29","shard_0379.rds"
380,8,"weak_strong_mixed_rhob_0.9_prev_0.1",30,730340861,"weak_strong_mixed_rhob_0.9_prev_0.1::30","shard_0380.rds"
381,8,"weak_strong_mixed_rhob_0.9_prev_0.1",31,730340862,"weak_strong_mixed_rhob_0.9_prev_0.1::31","shard_0381.rds"
382,8,"weak_strong_mixed_rhob_0.9_prev_0.1",32,730340863,"weak_strong_mixed_rhob_0.9_prev_0.1::32","shard_0382.rds"
383,8,"weak_strong_mixed_rhob_0.9_prev_0.1",33,730340864,"weak_strong_mixed_rhob_0.9_prev_0.1::33","shard_0383.rds"
384,8,"weak_strong_mixed_rhob_0.9_prev_0.1",34,730340865,"weak_strong_mixed_rhob_0.9_prev_0.1::34","shard_0384.rds"
385,8,"weak_strong_mixed_rhob_0.9_prev_0.1",35,730340866,"weak_strong_mixed_rhob_0.9_prev_0.1::35","shard_0385.rds"
386,8,"weak_strong_mixed_rhob_0.9_prev_0.1",36,730340867,"weak_strong_mixed_rhob_0.9_prev_0.1::36","shard_0386.rds"
387,8,"weak_strong_mixed_rhob_0.9_prev_0.1",37,730340868,"weak_strong_mixed_rhob_0.9_prev_0.1::37","shard_0387.rds"
388,8,"weak_strong_mixed_rhob_0.9_prev_0.1",38,730340869,"weak_strong_mixed_rhob_0.9_prev_0.1::38","shard_0388.rds"
389,8,"weak_strong_mixed_rhob_0.9_prev_0.1",39,730340870,"weak_strong_mixed_rhob_0.9_prev_0.1::39","shard_0389.rds"
390,8,"weak_strong_mixed_rhob_0.9_prev_0.1",40,730340871,"weak_strong_mixed_rhob_0.9_prev_0.1::40","shard_0390.rds"
391,8,"weak_strong_mixed_rhob_0.9_prev_0.1",41,730340872,"weak_strong_mixed_rhob_0.9_prev_0.1::41","shard_0391.rds"
392,8,"weak_strong_mixed_rhob_0.9_prev_0.1",42,730340873,"weak_strong_mixed_rhob_0.9_prev_0.1::42","shard_0392.rds"
393,8,"weak_strong_mixed_rhob_0.9_prev_0.1",43,730340874,"weak_strong_mixed_rhob_0.9_prev_0.1::43","shard_0393.rds"
394,8,"weak_strong_mixed_rhob_0.9_prev_0.1",44,730340875,"weak_strong_mixed_rhob_0.9_prev_0.1::44","shard_0394.rds"
395,8,"weak_strong_mixed_rhob_0.9_prev_0.1",45,730340876,"weak_strong_mixed_rhob_0.9_prev_0.1::45","shard_0395.rds"
396,8,"weak_strong_mixed_rhob_0.9_prev_0.1",46,730340877,"weak_strong_mixed_rhob_0.9_prev_0.1::46","shard_0396.rds"
397,8,"weak_strong_mixed_rhob_0.9_prev_0.1",47,730340878,"weak_strong_mixed_rhob_0.9_prev_0.1::47","shard_0397.rds"
398,8,"weak_strong_mixed_rhob_0.9_prev_0.1",48,730340879,"weak_strong_mixed_rhob_0.9_prev_0.1::48","shard_0398.rds"
399,8,"weak_strong_mixed_rhob_0.9_prev_0.1",49,730340880,"weak_strong_mixed_rhob_0.9_prev_0.1::49","shard_0399.rds"
400,8,"weak_strong_mixed_rhob_0.9_prev_0.1",50,730340881,"weak_strong_mixed_rhob_0.9_prev_0.1::50","shard_0400.rds"
