"file","bytes","sha256"
".gitignore",161,"d6ab291adebc9b26a38aded413dfa6d471b128f72d544fb3e9001506acfd1997"
"adapter/base.R",3656,"2cd8957bb4c32e045242467e024e656c91cd818d48977e93d59ed9cdd3d02ba2"
"adapter/corsivsz_loader.R",6275,"3c0195e4baeccc1c7d1c51ad1f0662f9668977a6f8afad7d29fd502dd2ffa455"
"adapter/portable.R",12153,"b38dfc4942e21e5550a029af9ebc25140b7d090f7b401f2108dfa4c1e05599a6"
"adapter/run_auc.R",2526,"d6ce2ce17bc3416a422975bcdf25d68a5fe175a36943c67c4aaa40fb5464ef63"
"adapter/run_external.R",1917,"468b121489b165a8dd142dde737c1730996f8b53dfbc4327126d3e3d1cb327c1"
"adapter/run_mcc.R",1860,"29f43d8e265f30eef28826ddd294f914004a15370212a42c7174262f261bf063"
"adapter/tests.R",7668,"908054a7d4b4662fc8a2ef8556e9f7725d76b37d228b237ceab6181ae64e8490"
"configuration/auc.R",1037,"e61af841ab228040e089fa6463a8f04d0451016b3d275836a3d6e303080e8a2f"
"configuration/CoRSIVSZ_v1.dcf",149,"367fb29a6fbe881be00a4cf981070b5d4292c2c071860b7b53caee00404410f0"
"configuration/external.R",51419,"a0d60e2770c9deb783f6247099a71bc3c751ca25dec2eb62af7af9afeae2de40"
"configuration/mcc.R",1019,"5301e7f6932ec3093ebc836aa3cb4a029568c8bc9b47abd5e7187454b7de4312"
"configuration/simulation.R",51927,"9d9272098923a5ccf3487b7da0666fa1212a09dd23af61347670102920ad9076"
"configuration/software_versions.R",722,"dcc3aa133b9e2147dbd1527322d3d07bca75cc5314d576e852e577705c054707"
"DATA_NOTICE.txt",2294,"91f5f69809c188f3ef4b57ce151f4b212d234c6eedd1276a3f9b537ede37db3e"
"LICENSE.txt",35149,"3972dc9744f6499f0f9b2dbf76696f2ae7ad8af9b23dde66d6af86c9dfb36986"
"README.txt",5463,"aebff8d8edbe37239c23d6d4750c3db77753d3b7f878236630db193216d3d6de"
"reproduce.R",586,"ec7fd5ca2e9b885578ea12e0877ba5cdcbd6e8d9499f09413d9c51d0064456f7"
"research/config/logistic_sglasso_prediction_selection_v7.csv",1581,"599b5e5f4df366c351a5393ee2c627b57655992dbea013301cda514e89bf66b0"
"research/config/logistic_sglasso_production_tasks_v15.csv",39026,"9099607c47fb5dc1d5e036ecf84266489271600756e1dc0ea61ac8cb7d5433f3"
"research/config/logistic_sglasso_task234_v18_anchors_v19.csv",1899,"29b8b85681cc0fe32be10739f8229ff6f55709e641aa98087c167096b5419cae"
"research/R/all_binary_fair_tuning_v2.R",30936,"a1247929a00bd753a7f386eecc8a137025049c50c9c90d2bf7e85a89784f0f72"
"research/R/all_binary_fair_tuning_v3.R",8388,"860213dfd7ae387db0208d17a6372a39f49319ef8e0a5ae571aa0c778cae8491"
"research/R/all_binary_fair_tuning_v4.R",5487,"44831ab96a2ee0c0cf9a8571c8dddaa96af11851e4aedb6f53e615b4b6685df2"
"research/R/all_binary_io_v1.R",17931,"86fd4df43150359daddfd9c703219f15b20df8ec4d5c6925d6c065401de17d8c"
"research/R/all_binary_io_v2.R",8605,"c9a014c7a3e8fc8dd92bffe1abccbd53417ccda777c859b01e65d4796210c783"
"research/R/all_binary_io_v3.R",12393,"e812a16d4efce7355a4aacc30bcc76f393f757a41e889716edacb7276195464c"
"research/R/all_binary_io_v4.R",7024,"1f8bcd0240d77f61cbda333d4483e249ae1bd49a4e7287e84c9f069a5da23cb3"
"research/R/all_binary_io_v5.R",6001,"cc07189188fa88d45a268bc7121859aaa3175fb3ae5754217eb9ac9a1e649ba6"
"research/R/all_binary_io_v6.R",7124,"abafd7292361a547f99241724283cde5195ca2268b9515e2a4fcc0dd46759170"
"research/R/all_binary_io_v7.R",2253,"063112c1de0bb9ca9cda66fcc004a51f8f7f4b2a9ff205ba0956a8827a76c7c5"
"research/R/all_binary_performance_v5.R",5456,"5848fdffb5206fd7fe433a8aa574227bcec5df92a0d890f80b96e1d21f381074"
"research/R/all_binary_workflow_v1.R",14595,"7c8162c7365243aba96dbe545e1db586fafebab4e19ac8a78fc69f7d7d849c1c"
"research/R/all_binary_workflow_v2.R",13635,"9b6bb6a726cfb6eaf6b7f593a45003f4bf407f65cd0d2b44500d595156f98a4b"
"research/R/all_binary_workflow_v3.R",11406,"928607effa512a84fcfd6c781c704f4205219e5bc07f5fc7f4b89123d1273fcb"
"research/R/all_binary_workflow_v4.R",7613,"73214717f612fbf9c2c68ab29949896e679580c3808d7cca991bc796eedfa525"
"research/R/all_binary_workflow_v5.R",3666,"214db06959e34a648b762e19c7cbff5abb17fe31356e9cda235dc73c453d1668"
"research/R/all_binary_workflow_v6.R",3464,"046365d6bbd0249474cd113fafb3e43e5a5ede3bbf33d77fb96d5cd1d0583c08"
"research/R/all_binary_workflow_v7.R",2780,"ffe73bddb69c00e9ffa4d8904afb54d713a71ec4a72520f9cd2280890619efc7"
"research/R/all_binary_workflow_v8.R",9000,"5c4a43e4adfc4945aaab0acefca9ee670971e76771866cf29c339ef94e765dc1"
"research/R/correlated_logistic_design.R",7315,"e0af25387f8a8c81caf1d93b03a8888f9866ff71f361f39d8ad5ae7a9d308df5"
"research/R/correlated_target_study_utils.R",9237,"eb6a38660ab5d8a2b35107870cb9d7dc5839a3ecd6a36f65ea82e9d391430437"
"research/R/corsiv_sz_analysis_v1.R",9726,"c8880108b0c14a1b572f2d543d296eda7b56b4f5005a1b0f625dbc55ab276003"
"research/R/corsiv_sz_auc_inference_v1.R",14677,"7df2496b26534928b989c66bd31bf377685d474f60a91487062489e7b1a186f7"
"research/R/corsiv_sz_mcc_inference_v1.R",10279,"d58f5aff5f418684221f8b8cd167f9fe6af377f1f10b381413acaf64525e1f27"
"research/R/genathum_binary_firth_v3.R",6749,"f15aaa4e5b2ee400031eea09ba8f8fe8eb152a1ff6dd64ce16248d4ee7efea4a"
"research/R/genathum_binary_io_v1.R",20231,"e1b911488d63341984e5da874e5ba03d3dc58205313a1ff15d17f9d0ddcb2e01"
"research/R/genathum_binary_irls_v4.R",10025,"1525a33ee03901cf85b1d97fcf43da2d530adffdb1edfff82c72e887890bc6ec"
"research/R/genathum_binary_workflow_v1.R",23059,"6f4b1b27b61be4bb56fa18640c8d273611b8d9372ad07301d4ca015eb7e90b1d"
"research/R/groupwise_logistic_targets.R",7425,"2e99e390c1e7f67f3d768952426fcb8af1b525e06ddc687e03f5bb85e50ee86d"
"research/R/gse25066_binary_workflow_v1.R",23892,"74d31f0df122311f1529c110a638cd7ef95710712bc2c2667a92dbfb4088a206"
"research/R/logistic_group_benchmarks_v2.R",32992,"853bcc0d6535aafc2eba987e96e4ef220120cf47942b46923b980c91a2481a15"
"research/R/logistic_penalized_benchmarks_v1.R",11522,"943e704b8cce891a97ecee450c15a9e5410d40fd0be32ab0ce7a5aff2f46ddcc"
"research/R/logistic_sglasso_design_metrics_v7.R",18735,"215356fdec9ab1a9fffe28f108834bb25735ef7323608b2c1aa4865e44375da8"
"research/R/logistic_sglasso_dispatch_v12.R",8148,"8769e4fab6eda696bc279bddf9ed69e3f369d61d54c1f8ca4893a1a9104dcc7b"
"research/R/logistic_sglasso_failure_diagnostic_v16.R",24665,"95fd42b811ede6010cbd30629cc2b4d12fe2289e5ae5f93f48cde80ff6b2d33c"
"research/R/logistic_sglasso_group_prefix_v13.R",7859,"b5cf7b4300de00181f00ff09ef1265ab61609747b4cf173c622a60ce62a28710"
"research/R/logistic_sglasso_grpreg_diagnostic_v8.R",24599,"8c80ea74e983b3d3a0c4632b767a7c187b6d1b2a3f08f1cde5c2b9891602fdc5"
"research/R/logistic_sglasso_hybrid_diagnostic_v11.R",19868,"c06a2cf356ad322e01c22a64c2402cf714da681324e0e3c08097cc1c006bd450"
"research/R/logistic_sglasso_hybrid_integration_v11.R",9674,"e15c9f7cdffcb603645c725f15e42c625863df5789e0908cd4cf8f5a4e861df6"
"research/R/logistic_sglasso_hybrid_io_v11.R",33622,"8e5d20433522337d62fa9a6482f7d6bf28c46c7ccc9bf3f661d20dc1357f8c7e"
"research/R/logistic_sglasso_hybrid_solver_v11.R",20590,"d98c2e78bd92fcee33e8d2b119521c48a88d0999afe3f2e0f9580646af0e55e7"
"research/R/logistic_sglasso_integration_v12.R",5592,"cbd0d6c4476e873aae7bb09a164a56668d027ed5c062ad6f55e47060ac28d373"
"research/R/logistic_sglasso_lambda_extension_v5.R",14043,"c1d5be46457ed9b796f6866ceb653c0084dfa88abd66983860639acf38f08ac4"
"research/R/logistic_sglasso_lambda_sat_diagnostic_v17.R",19877,"0bc212a980245b3574efb6a40cbb94fa775a4ac670bbb49a0a9b5eeb42a44470"
"research/R/logistic_sglasso_lambda_tail_io_v6.R",48951,"d149042d710c6f509821f3d98f875db96f1a9b453bf785410c39fd0102b24c39"
"research/R/logistic_sglasso_lambda_tail_v6.R",17063,"24cbeba41ef2cbfafee01b01096bf3c51c7f9af3d9f7f8e5cdb75cb542391493"
"research/R/logistic_sglasso_numerical_repair_diagnostic_v10.R",26257,"3ed8d3834464813e0fd6d05371c05707a37af87b920079df81da0ea9a861cac0"
"research/R/logistic_sglasso_numerical_repair_diagnostic_v9.R",21582,"c300ed23f295cce74b3bf3f96957a0ec6b64b6ad992f56bcfaaeadab33e67eb9"
"research/R/logistic_sglasso_numerical_repair_io_v10.R",32382,"ad88f66bb3358517e179af22216e748d0de5b3cef62d594c520c266fc98b59bf"
"research/R/logistic_sglasso_numerical_repair_io_v9.R",31992,"4a54aae4cec8497851332d444519d483c1858986c1778da4fb1f0c50080ece8b"
"research/R/logistic_sglasso_numerical_repair_v10.R",4344,"c1a6b9fd65b209a2331becdac938afbc63238953aa0c98e34ffe30fcaa062465"
"research/R/logistic_sglasso_numerical_repair_v9.R",22159,"24ff421bfcdd7f6aec45873202dbe1c29f36c3f8b532fd4263d227077ba4c7a4"
"research/R/logistic_sglasso_prediction_selection_v7.R",46384,"df852d7a056eca9597cdaa33ea3acc36e837a92012f046df094c0d22cab758df"
"research/R/logistic_sglasso_progress_v12.R",5490,"629d09d6c0786a307599fc1c4999c441484214ed5f4402bc8560c80a9a6e0e1a"
"research/R/logistic_sglasso_progress_v15.R",2750,"ad33cc85c26d857cff0016abaf31668311391c03178f460325dfa2b488ba14a5"
"research/R/logistic_sglasso_release_v14.R",3481,"533bf26e1b53321e09900543ab6bf3426f939b749302d05b05f47ca25d341694"
"research/R/logistic_sglasso_release_v15.R",3400,"e8ead027b90922b104bf11c44c330266b2be6c7f7c061d7077fa150c047a9901"
"research/R/logistic_sglasso_release_v18.R",3699,"895df633a15155cd982b1f2c94dfb3580e08890b16c7252730250db16edf3ea3"
"research/R/logistic_sglasso_release_v19.R",4043,"2901d38e55f8e6407d2016479f10df41b4d290daefe9c45b1530c5cef96e895f"
"research/R/logistic_sglasso_repair_v18.R",10277,"ba99a8997604bc2a1d88bdede145671f76893f4b3c68020361606f4596b064c2"
"research/R/logistic_sglasso_repair_v19.R",9686,"a03cc3b1b16c055174e301d1583ea8d068bb5226abfe0b76ad3e92be73153fa2"
"research/R/logistic_sglasso_tail_diagnostic_v19.R",17420,"6c23096d957c976f012cbda931bdcaa761628312b8bc214a236a83e7a2815876"
"research/R/logistic_sglasso_tail_portable_v1.R",26559,"54d6e6cc89531cf32f032a5c4257b7cbca8699382bb3df85013427e0579044c5"
"research/R/logistic_sglasso_two_design_study_utils_v1.R",20096,"a458ec87d1ce460caeff2a0887ee8c5499d0031a3aae8b11f540168d02a84639"
"research/R/logistic_sglasso_two_design_v1.R",6108,"571eea0f0104b31d917aec6e1493d5e9d4c4a200a57849eeb8fdce8334590982"
"research/R/logistic_sglasso_v7_failure_diagnostics_io_v8.R",94439,"a70e8024ef76e8d7196e3a440c1ab300310d0d11b712000f68ee59f22f92d387"
"research/R/logistic_sglasso_v7_failure_diagnostics_v8.R",37992,"701fa5fc73c99bfdd12b1f9bad37e822362923036cd4f914d45eafbb14120bca"
"research/R/logistic_sglasso_workflow_v12.R",1729,"1578e415029ac4dcd50d255395fb175aba8ab48351ab6ea16dbb33fa89ea7e6a"
"research/R/logistic_sglasso_workflow_v13.R",1306,"4e44553f5fefab378714e2d671ae8458140ef03638724896e4889dcecb7d0883"
"research/R/logistic_sglasso_workflow_v14.R",2622,"6f618c403876d4a8df9eb87885582fbc132a0f1bad9415312a86df61df139fb0"
"research/R/logistic_sglasso_workflow_v15.R",3290,"da1dd80478fce58e3606539a95aa2245f8a921b27e736db530b27517f02cfc50"
"research/R/logistic_sglasso_workflow_v18.R",2054,"ea9631e916c1647fca04020fb79acb40e873c5fc5ea291e28859b79ec985c32c"
"research/R/logistic_sglasso_workflow_v19.R",2403,"723ac7274618a7a11b875e3032005de7758ca82cc079d47ca264459ada57ce24"
"research/R/logistic_sglasso_workflow_v7.R",50516,"998d3bcd6b83f27566f3b3c3d1b2a3a7d6aa1e52b4244e2384cfe12d7de179d6"
"research/R/logistic_sglasso.R",25294,"2856f20dc8bfd0dc43a36d8ef539c69388efa5f33353c72ace09c88bf0b5ae8f"
"research/R/pilot_utils.R",9798,"6cadafc04f8467ae007ea4c5746a6fa55bc5bb4ec509607aa580814fb9533c6a"
"research/R/sglasso_rhob_benchmark_study_utils_v1.R",17071,"80ef00d568fd47a72a9a89a1659e0ec1b73889e22e89b6efb09cef2eb8735c0f"
"research/R/sglasso_rhob_design.R",4100,"da29b605e37b6394075a09af72270b2de337e35ca9ae300f28a02d4d8e912d6a"
"research/R/sglasso_rhob_group_benchmark_study_utils_v2.R",14973,"ea96b27bede038d57df8265bb795d231fe46fe8164567eb0c8195a3b2ef9484b"
"research/R/study_utils.R",29312,"e3955ffbcc1e8f8a58ac0c82b37d0401dd455cbf973ec7215bf07f9fca5db7d9"
"research/src/logistic_sglasso_block_kernel_local_v3.hpp",21870,"d67180f55b62c9fcbe1653a865bdd75c068d89ae65ea401611610a3492195f10"
"research/src/logistic_sglasso_block_kernel_v11.hpp",21761,"6ff65c782f4549d8a4a825c04ae947e576a1a6b47e9dc4d9e90aee5fdc408a61"
"research/src/logistic_sglasso_core.cpp",41174,"dbfaa08cfc54c46bcdbfa4216989db106e71440b947f499efe098dcca72df95f"
"research/src/logistic_sglasso_hybrid_solver_local_apg_v4.cpp",62831,"346e99d34a890beb1769ec794f39b29cbbc1c8f23d7a6210cdd867f8ed7e5bdb"
"research/src/logistic_sglasso_hybrid_solver_v11.cpp",36174,"6e0ae6bf4c257afb316f3f0f39b0f541a481e6b569b01361748b2b05d681d734"
"SOURCE_MAP.csv",9946,"558649f157e75ca33b2610366b8f6b93ced63adef03510f6e4a989a2982bcff3"
